frame,time,delta,score,mode,state
0,0.000000,0.118661,29,Steady,Playing
1,0.047229,0.047229,29,Steady,Playing
2,0.089888,0.042659,29,Steady,Playing
3,0.131566,0.041678,29,Steady,Playing
4,0.173532,0.041966,29,Steady,Playing
5,0.215351,0.041820,29,Steady,Playing
6,0.255492,0.040141,29,Steady,Playing
7,0.296975,0.041483,29,Steady,Playing
8,0.337767,0.040792,29,Steady,Playing
9,0.378284,0.040517,29,Steady,Playing
10,0.421185,0.042901,29,Steady,Playing
11,0.462210,0.041024,29,Steady,Playing
12,0.503581,0.041371,29,Steady,Playing
13,0.544948,0.041368,29,Steady,Playing
14,0.585640,0.040692,29,Steady,Playing
15,0.626331,0.040691,29,Steady,Playing
16,0.669573,0.043242,29,Steady,Playing
17,0.710569,0.040995,29,Steady,Playing
18,0.752585,0.042016,30,Steady,Transition
19,0.896795,0.144210,30,Steady,Transition
20,0.940178,0.043383,30,Steady,Transition
21,0.981092,0.040914,30,Steady,Transition
22,1.021647,0.040555,30,Steady,Playing
23,1.061779,0.040133,30,Steady,Playing
24,1.102508,0.040729,30,Steady,Playing
25,1.142806,0.040298,30,Steady,Playing
26,1.186070,0.043264,30,Steady,Playing
27,1.226417,0.040347,30,Steady,Playing
28,1.269477,0.043060,30,Steady,Playing
29,1.309760,0.040282,30,Steady,Playing
30,1.352937,0.043178,30,Steady,Playing
31,1.393192,0.040255,30,Steady,Playing
32,1.435564,0.042372,30,Steady,Playing
33,1.475677,0.040113,30,Steady,Playing
34,1.518869,0.043191,30,Steady,Playing
35,1.559312,0.040443,30,Steady,Playing
36,1.605673,0.046361,30,Steady,Playing
37,1.646282,0.040609,30,Steady,Playing
38,1.688095,0.041814,30,Steady,Playing
39,1.729307,0.041212,30,Steady,Playing
40,1.772287,0.042980,30,Steady,Playing
41,1.815589,0.043302,30,Steady,Playing
42,1.856147,0.040558,31,Steady,Transition
43,1.902479,0.046332,31,Steady,Transition
44,1.944209,0.041730,31,Steady,Transition
45,1.989091,0.044882,31,Steady,Transition
46,2.030083,0.040992,31,Steady,Transition
47,2.069818,0.039735,31,Steady,Transition
48,2.110520,0.040702,31,Steady,Playing
49,2.153411,0.042891,31,Steady,Playing
50,2.194664,0.041253,31,Steady,Playing
51,2.240117,0.045453,31,Steady,Playing
52,2.280999,0.040882,31,Steady,Playing
53,2.322917,0.041918,31,Steady,Playing
54,2.364949,0.042032,31,Steady,Playing
55,2.411065,0.046117,31,Steady,Playing
56,2.457133,0.046068,31,Steady,Playing
57,2.498498,0.041366,31,Steady,Playing
58,2.542588,0.044089,31,Steady,Playing
59,2.587153,0.044566,31,Steady,Playing
60,2.628180,0.041027,31,Steady,Playing
61,2.670592,0.042412,31,Steady,Playing
62,2.712529,0.041937,31,Steady,Playing
63,2.753688,0.041159,31,Steady,Playing
64,2.793966,0.040277,31,Steady,Playing
65,2.837651,0.043686,31,Steady,Playing
66,2.879247,0.041596,31,Steady,Playing
67,2.921620,0.042373,32,Steady,Transition
68,2.965107,0.043487,32,Steady,Transition
69,3.005469,0.040362,32,Steady,Transition
70,3.045364,0.039895,32,Steady,Transition
71,3.085667,0.040303,32,Steady,Transition
72,3.126639,0.040972,32,Steady,Transition
73,3.169386,0.042747,32,Steady,Playing
74,3.210394,0.041008,32,Steady,Playing
75,3.253098,0.042703,32,Steady,Playing
76,3.295933,0.042836,32,Steady,Playing
77,3.336807,0.040874,32,Steady,Playing
78,3.377574,0.040768,32,Steady,Playing
79,3.421131,0.043557,32,Steady,Playing
80,3.463373,0.042241,32,Steady,Playing
81,3.503898,0.040525,32,Steady,Playing
82,3.544264,0.040365,32,Steady,Playing
83,3.586278,0.042014,32,Steady,Playing
84,3.627376,0.041098,32,Steady,Playing
85,3.669685,0.042309,32,Steady,Playing
86,3.710474,0.040789,32,Steady,Playing
87,3.752678,0.042204,32,Steady,Playing
88,3.793284,0.040606,32,Steady,Playing
89,3.836364,0.043080,32,Steady,Playing
90,3.876249,0.039886,32,Steady,Playing
91,3.919982,0.043733,32,Steady,Playing
92,3.960516,0.040534,33,Steady,Transition
93,4.002958,0.042443,33,Steady,Transition
94,4.044686,0.041728,33,Steady,Transition
95,4.087316,0.042629,33,Steady,Transition
96,4.127150,0.039834,33,Steady,Transition
97,4.169979,0.042830,33,Steady,Transition
98,4.209944,0.039965,33,Steady,Playing
99,4.252161,0.042217,33,Steady,Playing
100,4.291862,0.039700,33,Steady,Playing
101,4.335012,0.043150,33,Steady,Playing
102,4.375285,0.040273,33,Steady,Playing
103,4.418881,0.043596,33,Steady,Playing
104,4.458620,0.039739,33,Steady,Playing
105,4.498368,0.039748,33,Steady,Playing
106,4.537613,0.039245,33,Steady,Playing
107,4.577168,0.039555,33,Steady,Playing
108,4.619974,0.042807,33,Steady,Playing
109,4.660650,0.040676,33,Steady,Playing
110,4.702734,0.042084,33,Steady,Playing
111,4.742548,0.039815,33,Steady,Playing
112,4.788818,0.046270,33,Steady,Playing
113,4.832219,0.043401,33,Steady,Playing
114,4.874409,0.042190,33,Steady,Playing
115,4.915728,0.041320,33,Steady,Playing
116,4.956575,0.040848,33,Steady,Playing
117,4.996551,0.039975,33,Steady,Playing
118,5.036436,0.039886,34,Drifting,Transition
119,5.080048,0.043611,34,Drifting,Transition
120,5.122552,0.042504,34,Drifting,Transition
121,5.163021,0.040469,34,Drifting,Transition
122,5.205487,0.042467,34,Drifting,Transition
123,5.246418,0.040931,34,Drifting,Transition
124,5.288368,0.041950,34,Drifting,Transition
125,5.329670,0.041303,34,Drifting,Transition
126,5.371049,0.041379,34,Drifting,Transition
127,5.412554,0.041504,34,Drifting,Transition
128,5.454566,0.042012,34,Drifting,Transition
129,5.493895,0.039330,34,Drifting,Playing
130,5.639393,0.145498,34,Drifting,Playing
131,5.681579,0.042186,34,Drifting,Playing
132,5.724193,0.042614,34,Drifting,Playing
133,5.765114,0.040921,34,Drifting,Playing
134,5.806555,0.041441,34,Drifting,Playing
135,5.847279,0.040723,34,Drifting,Playing
136,5.889402,0.042124,34,Drifting,Playing
137,5.930670,0.041268,34,Drifting,Playing
138,5.972333,0.041663,34,Drifting,Playing
139,6.011563,0.039230,34,Drifting,Playing
140,6.051449,0.039886,34,Drifting,Playing
141,6.091448,0.039999,34,Drifting,Playing
142,6.132322,0.040874,34,Drifting,Playing
143,6.172442,0.040120,34,Drifting,Playing
144,6.212976,0.040533,34,Drifting,Playing
145,6.253672,0.040696,34,Drifting,Playing
146,6.296401,0.042729,35,Drifting,Transition
147,6.339454,0.043053,35,Drifting,Transition
148,6.381489,0.042035,35,Drifting,Transition
149,6.423787,0.042298,35,Drifting,Transition
150,6.465601,0.041815,35,Drifting,Transition
151,6.506360,0.040758,35,Drifting,Transition
152,6.546884,0.040525,35,Drifting,Transition
153,6.587718,0.040833,35,Drifting,Transition
154,6.628882,0.041165,35,Drifting,Transition
155,6.673045,0.044163,35,Drifting,Transition
156,6.714929,0.041884,35,Drifting,Transition
157,6.755983,0.041055,35,Drifting,Playing
158,6.797101,0.041118,35,Drifting,Playing
159,6.838354,0.041252,35,Drifting,Playing
160,6.879916,0.041562,35,Drifting,Playing
161,6.920857,0.040941,35,Drifting,Playing
162,6.961921,0.041064,35,Drifting,Playing
163,7.002022,0.040100,35,Drifting,Playing
164,7.043344,0.041322,35,Drifting,Playing
165,7.084396,0.041053,35,Drifting,Playing
166,7.124759,0.040363,35,Drifting,Playing
167,7.165409,0.040650,35,Drifting,Playing
168,7.206542,0.041133,35,Drifting,Playing
169,7.247487,0.040945,35,Drifting,Playing
170,7.288519,0.041033,35,Drifting,Playing
171,7.328674,0.040156,35,Drifting,Playing
172,7.371526,0.042851,35,Drifting,Playing
173,7.412049,0.040523,35,Drifting,Playing
174,7.456394,0.044345,35,Drifting,Playing
175,7.497204,0.040810,35,Drifting,Playing
176,7.537487,0.040283,35,Drifting,Playing
177,7.577192,0.039705,36,Drifting,Transition
178,7.620255,0.043063,36,Drifting,Transition
179,7.660781,0.040527,36,Drifting,Transition
180,7.703560,0.042780,36,Drifting,Transition
181,7.743839,0.040279,36,Drifting,Transition
182,7.788818,0.044979,36,Drifting,Transition
183,7.829988,0.041171,36,Drifting,Playing
184,7.872017,0.042029,36,Drifting,Playing
185,7.913291,0.041273,36,Drifting,Playing
186,7.955934,0.042644,36,Drifting,Playing
187,7.996175,0.040241,36,Drifting,Playing
188,8.035685,0.039510,36,Drifting,Playing
189,8.076911,0.041226,36,Drifting,Playing
190,8.119534,0.042623,36,Drifting,Playing
191,8.160742,0.041207,36,Drifting,Playing
192,8.204207,0.043466,36,Drifting,Playing
193,8.245430,0.041223,36,Drifting,Playing
194,8.288882,0.043452,36,Drifting,Playing
195,8.330293,0.041410,36,Drifting,Playing
196,8.372354,0.042061,36,Drifting,Playing
197,8.414032,0.041678,36,Drifting,Playing
198,8.454243,0.040210,36,Drifting,Playing
199,8.493825,0.039583,36,Drifting,Playing
200,8.536237,0.042412,36,Drifting,Playing
201,8.576013,0.039776,36,Drifting,Playing
202,8.618859,0.042847,37,Breather,Transition
203,8.661246,0.042387,37,Breather,Transition
204,8.705503,0.044257,37,Breather,Transition
205,8.745855,0.040352,37,Breather,Transition
206,8.790011,0.044156,37,Breather,Transition
207,8.830770,0.040759,37,Breather,Transition
208,8.871894,0.041123,37,Breather,Transition
209,8.912951,0.041057,37,Breather,Transition
210,8.954385,0.041435,37,Breather,Transition
211,8.995405,0.041020,37,Breather,Transition
212,9.040129,0.044724,37,Breather,Transition
213,9.080563,0.040434,37,Breather,Playing
214,9.121160,0.040597,37,Breather,Playing
215,9.163146,0.041987,37,Breather,Playing
216,9.206378,0.043232,37,Breather,Playing
217,9.247951,0.041572,37,Breather,Playing
218,9.291978,0.044027,37,Breather,Playing
219,9.335715,0.043738,37,Breather,Playing
220,9.376588,0.040872,37,Breather,Playing
221,9.419794,0.043207,37,Breather,Playing
222,9.460752,0.040957,37,Breather,Playing
223,9.500916,0.040164,37,Breather,Playing
224,9.541212,0.040296,37,Breather,Playing
225,9.581679,0.040467,37,Breather,Playing
226,9.621086,0.039407,37,Breather,Playing
227,9.661490,0.040404,37,Breather,Playing
228,9.704996,0.043505,37,Breather,Playing
229,9.746473,0.041477,37,Breather,Playing
230,9.786983,0.040511,37,Breather,Playing
231,9.827368,0.040385,37,Breather,Playing
232,9.870496,0.043128,38,Breather,Transition
233,9.913262,0.042767,38,Breather,Transition
234,9.953975,0.040712,38,Breather,Transition
235,9.993845,0.039870,38,Breather,Transition
236,10.036230,0.042388,38,Breather,Transition
237,10.075800,0.039561,38,Breather,Transition
238,10.119020,0.043224,38,Breather,Playing
239,10.158960,0.039940,38,Breather,Playing
240,10.203090,0.044129,38,Breather,Playing
241,10.244130,0.041040,38,Breather,Playing
242,10.287780,0.043652,38,Breather,Playing
243,10.328580,0.040804,38,Breather,Playing
244,10.370720,0.042131,38,Breather,Playing
245,10.412430,0.041719,38,Breather,Playing
246,10.456430,0.043992,38,Breather,Playing
247,10.498610,0.042181,38,Breather,Playing
248,10.540420,0.041813,38,Breather,Playing
249,10.580850,0.040433,38,Breather,Playing
250,10.622750,0.041896,38,Breather,Playing
251,10.664060,0.041307,38,Breather,Playing
252,10.706150,0.042097,38,Breather,Playing
253,10.747780,0.041627,38,Breather,Playing
254,10.792220,0.044444,38,Breather,Playing
255,10.836130,0.043906,38,Breather,Playing
256,10.876760,0.040628,38,Breather,Playing
257,10.920430,0.043676,39,Steady,Transition
258,10.964760,0.044327,39,Steady,Transition
259,11.005280,0.040520,39,Steady,Transition
260,11.045110,0.039832,39,Steady,Transition
261,11.086100,0.040988,39,Steady,Transition
262,11.126100,0.040002,39,Steady,Transition
263,11.170670,0.044571,39,Steady,Transition
264,11.211790,0.041119,39,Steady,Transition
265,11.254410,0.042619,39,Steady,Transition
266,11.295680,0.041268,39,Steady,Transition
267,11.338330,0.042650,39,Steady,Transition
268,11.379300,0.040967,39,Steady,Playing
269,11.420930,0.041632,39,Steady,Playing
270,11.460640,0.039712,39,Steady,Playing
271,11.501230,0.040586,39,Steady,Playing
272,11.543440,0.042211,39,Steady,Playing
273,11.584810,0.041366,39,Steady,Playing
274,11.624970,0.040162,39,Steady,Playing
275,11.665280,0.040309,39,Steady,Playing
276,11.705970,0.040691,39,Steady,Playing
277,11.746520,0.040546,39,Steady,Playing
278,11.787130,0.040614,39,Steady,Playing
279,11.827960,0.040829,39,Steady,Playing
280,11.869880,0.041919,39,Steady,Playing
281,11.910810,0.040932,39,Steady,Playing
282,11.954130,0.043323,39,Steady,Playing
283,11.996620,0.042483,39,Steady,Playing
284,12.038880,0.042267,39,Steady,Playing
285,12.079500,0.040620,39,Steady,Playing
286,12.121960,0.042460,39,Steady,Playing
287,12.161870,0.039908,39,Steady,Playing
288,12.204000,0.042132,40,Steady,Transition
289,12.246790,0.042790,40,Steady,Transition
290,12.289880,0.043084,40,Steady,Transition
291,12.333020,0.043145,40,Steady,Transition
292,12.373740,0.040712,40,Steady,Transition
293,12.414910,0.041177,40,Steady,Transition
294,12.455740,0.040827,40,Steady,Transition
295,12.497380,0.041641,40,Steady,Transition
296,12.538030,0.040651,40,Steady,Transition
297,12.579390,0.041357,40,Steady,Transition
298,12.621790,0.042405,40,Steady,Transition
299,12.662230,0.040439,40,Steady,Playing
300,12.703410,0.041173,40,Steady,Playing
301,12.743780,0.040373,40,Steady,Playing
302,12.786100,0.042319,40,Steady,Playing
303,12.826720,0.040619,40,Steady,Playing
304,12.869690,0.042971,40,Steady,Playing
305,12.910070,0.040387,40,Steady,Playing
306,12.950550,0.040471,40,Steady,Playing
307,12.990430,0.039887,40,Steady,Playing
308,13.030920,0.040486,40,Steady,Playing
309,13.070210,0.039296,40,Steady,Playing
310,13.111580,0.041371,40,Steady,Playing
311,13.153860,0.042275,40,Steady,Playing
312,13.194570,0.040707,40,Steady,Playing
313,13.237450,0.042885,40,Steady,Playing
314,13.279850,0.042399,40,Steady,Playing
315,13.321190,0.041339,40,Steady,Playing
316,13.362940,0.041745,40,Steady,Playing
317,13.406070,0.043136,40,Steady,Playing
318,13.447350,0.041277,40,Steady,Playing
319,13.489220,0.041869,41,Steady,Transition
320,13.530410,0.041188,41,Steady,Transition
321,13.572490,0.042083,41,Steady,Transition
322,13.612610,0.040122,41,Steady,Transition
323,13.653980,0.041371,41,Steady,Transition
324,13.695310,0.041333,41,Steady,Transition
325,13.736710,0.041396,41,Steady,Playing
326,13.778220,0.041505,41,Steady,Playing
327,13.819070,0.040852,41,Steady,Playing
328,13.859180,0.040114,41,Steady,Playing
329,13.903780,0.044600,41,Steady,Playing
330,13.944430,0.040647,41,Steady,Playing
331,13.987640,0.043215,41,Steady,Playing
332,14.027960,0.040314,41,Steady,Playing
333,14.069420,0.041467,41,Steady,Playing
334,14.109710,0.040285,41,Steady,Playing
335,14.153030,0.043319,41,Steady,Playing
336,14.193250,0.040226,41,Steady,Playing
337,14.237170,0.043918,41,Steady,Playing
338,14.279710,0.042538,41,Steady,Playing
339,14.320310,0.040598,41,Steady,Playing
340,14.361310,0.040999,41,Steady,Playing
341,14.403880,0.042580,41,Steady,Playing
342,14.444450,0.040566,41,Steady,Playing
343,14.484320,0.039866,41,Steady,Playing
344,14.524220,0.039906,42,Steady,Transition
345,14.565110,0.040885,42,Steady,Transition
346,14.604750,0.039639,42,Steady,Transition
347,14.645150,0.040407,42,Steady,Transition
348,14.689570,0.044419,42,Steady,Transition
349,14.730590,0.041014,42,Steady,Transition
350,14.771650,0.041066,42,Steady,Playing
351,14.812070,0.040418,42,Steady,Playing
352,14.853710,0.041638,42,Steady,Playing
353,14.894660,0.040953,42,Steady,Playing
354,14.938370,0.043707,42,Steady,Playing
355,14.978230,0.039864,42,Steady,Playing
356,15.018140,0.039905,42,Steady,Playing
357,15.057930,0.039792,42,Steady,Playing
358,15.098620,0.040687,42,Steady,Playing
359,15.139170,0.040557,42,Steady,Playing
360,15.179720,0.040548,42,Steady,Playing
361,15.221290,0.041572,42,Steady,Playing
362,15.262300,0.041006,42,Steady,Playing
363,15.303960,0.041664,42,Steady,Playing
364,15.344250,0.040289,42,Steady,Playing
365,15.387610,0.043356,42,Steady,Playing
366,15.428780,0.041170,42,Steady,Playing
367,15.473380,0.044607,42,Steady,Playing
368,15.514820,0.041440,42,Steady,Playing
369,15.555060,0.040235,42,Steady,Playing
370,15.595950,0.040889,43,Steady,Transition
371,15.639240,0.043290,43,Steady,Transition
372,15.679830,0.040588,43,Steady,Transition
373,15.721180,0.041354,43,Steady,Transition
374,15.763170,0.041989,43,Steady,Transition
375,15.804280,0.041110,43,Steady,Transition
376,15.845440,0.041165,43,Steady,Playing
377,15.888800,0.043359,43,Steady,Playing
378,15.931120,0.042314,43,Steady,Playing
379,15.971320,0.040208,43,Steady,Playing
